<?xml version="1.0" encoding="utf-8"?>

<extension type="component" version="3.2.0" method="upgrade">

    <name>COM_DATA</name>
    <!-- The following elements are optional and free of formatting constraints -->
    <creationDate>April 18</creationDate>
    <author>Akmal Khikmatullaev</author>
    <authorEmail>akmal.khikmatullaev@gmail.com</authorEmail>
    <copyright>Copyright Info</copyright>
    <license>License Info</license>
    <!--  The version string is recorded in the components table -->
    <version>0.0.1</version>
    <!-- The description is optional and defaults to the name -->
    <description>
        This new component will realize following functionality:<br/>
        As backend user I want to see a list of email addresses with the owner Name<br/>
        As backend user I want to publish/unpublish/archive/trash/delete the email addresses<br/>
        As backend user I want to be able to click on “new” to create a new email address entry<br/>
        As backend user I want to be able to click on the addresses to edit them<br/>
        As backend user I want to see a form when I create/edit addresses with the fields “email” and “name”<br/>
        As frontend user I want to see a list of name/address combinations of all published addresses<br/>
    </description>

    <!-- Runs on install/uninstall/update; New in 2.5 -->
    <scriptfile>script.php</scriptfile>

    <install> <!-- Runs on install -->
        <sql>
            <file driver="mysql" charset="utf8">sql/install.mysql.utf8.sql</file>
        </sql>
    </install>
    <uninstall> <!-- Runs on uninstall -->
        <sql>
            <file driver="mysql" charset="utf8">sql/uninstall.mysql.utf8.sql</file>
        </sql>
    </uninstall>
    <update> <!-- Runs on update; New since J2.5 -->
        <schemas>
            <schemapath type="mysql">sql/updates/mysql</schemapath>
        </schemas>
    </update>

    <!-- Site Main File Copy Section -->
    <!-- Note the folder attribute: This attribute describes the folder
        to copy FROM in the package to install therefore files copied
        in this section are copied from /site/ in the package -->
    <files folder="site">
        <filename>data.php</filename>
        <filename>controller.php</filename>

        <folder>models</folder>
        <folder>tables</folder>
        <folder>views</folder>
    </files>

    <languages folder="site/language">
        <language tag="en-GB">en-GB/en-GB.com_data.ini</language>
        <language tag="en-GB">en-GB/en-GB.com_data.sys.ini</language>
    </languages>

    <!-- Administration Main File Copy Section -->
    <!-- Note the folder attribute: This attribute describes the folder
        to copy FROM in the package to install therefore files copied
        in this section are copied from /admin/ in the package -->
    <administration>
        <menu link='index.php?option=com_data'>COM_DATA_MENU</menu>

        <files folder="admin">
            <filename>access.xml</filename>
            <filename>config.xml</filename>
            <filename>controller.php</filename>
            <filename>data.php</filename>

            <folder>controllers</folder>
            <folder>models</folder>
            <folder>tables</folder>
            <folder>sql</folder>
            <folder>views</folder>
        </files>

        <languages folder="admin/language">
            <language tag="en-GB">en-GB/en-GB.com_data.ini</language>
            <language tag="en-GB">en-GB/en-GB.com_data.sys.ini</language>
        </languages>
    </administration>
</extension>